input_gradient_norm,target_loss,target_id,seed
26.079813,2.9196677207946777,0,423828687
